slug,title,created_at,shop_key,category,dup_type,action,keep_slug,redirect_to
yonghada-clinic-seoul-review-2026-foreigners,YONGHADA CLINIC Review 2026: Honest Guide for Foreigners in Seoul,2026-06-19T16:54:00,yonghada-clinic-seoul,shop-review,unique,keep,,
vibe-plastic-surgery-clinic-gangnam-review-2026-foreigners,VIBE Plastic Surgery Clinic Review 2026: Honest Guide for Foreigners in Gangnam,2026-06-18T14:11:00,vibe-plastic-surgery-clinic-gangnam,shop-review,unique,keep,,
uhcell-seocho-clinic-uh-cell-seocho-review-2026-foreigners,UHCELL Seocho Clinic Review 2026: Is It Worth It for Foreigners in Seocho?,2026-06-15T21:59:00,uhcell-seocho-clinic-uh-cell-seocho,shop-review,unique,keep,,
tune-clinic-apgujeong-gangnam-review-2026-foreigners,TUNE CLINIC APGUJEONG Seoul Review 2026: A Foreigner's Honest Experience,2026-06-12T20:12:00,tune-clinic-apgujeong-gangnam,shop-review,unique,keep,,
sooa-clinic-yongsan-review-2026-foreigners,SOOA CLINIC Seoul Review 2026: A Foreigner's Honest Experience,2026-06-10T22:22:00,sooa-clinic-yongsan,shop-review,unique,keep,,
sugar-clinic-gangnam-review-2026-foreigners,Sugar Plastic Surgery Review 2026: Honest Guide for Foreigners in Seocho,2026-06-10T16:12:00,sugar-clinic-gangnam,shop-review,unique,keep,,
seoul-beauty-budget-guide-under-100usd-foreigners-2026,Seoul Beauty on a Budget: Best Treatments Under $100 USD for Foreigners (2026),2026-06-10T08:44:44.914928,seoul-beauty-budget,area-guide,unique,keep,,
laser-hair-removal-seoul-foreigners-safe-guide-2026,Laser Hair Removal in Seoul for Foreigners: Safe; Cheap & What to Expect (2026),2026-06-10T08:44:44.914928,laser-hair-removal,area-guide,unique,keep,,
thermage-flx-seoul-price-guide-foreigners-2026,Thermage FLX in Seoul: Price; Results & What Foreigners Need to Know (2026),2026-06-10T08:44:44.914928,thermage-flx,area-guide,unique,keep,,
potenza-rf-exosome-seoul-foreigners-guide-2026,Potenza RF + Exosome in Seoul: Honest Guide for Foreigners (2026),2026-06-10T08:44:44.914928,potenza-rf-exosome,area-guide,unique,keep,,
tattoo-removal-seoul-foreigners-price-guide-2026,Tattoo Removal in Seoul for Foreigners: Prices; Clinics & What to Expect (2026),2026-06-10T08:44:44.914928,tattoo-removal,area-guide,unique,keep,,
yonsei-midas-dental-clinic-review-2026-is-it-worth-it-for-foreigners-in-incheon,Yonsei Midas Dental Clinic Review 2026: Is It Worth It for Foreigners in Incheon?,2026-06-10,yonsei-midas-dental-clinic,shop-review,unique,keep,,
seoul-filler-vs-botox-which-one-foreigners-2026,Seoul Filler vs Botox: Which One Should You Get? (Foreigners Guide 2026),2026-06-08T22:12:00,seoul-filler,comparison,desc-dup,keep,,
seoul-i-plastic-surgery-seocho-review-2026-foreigners,Seoul I Plastic Surgery Review 2026: Honest Guide for Foreigners in Seocho,2026-06-08T21:27:00,seoul-i-plastic-surgery-seocho,shop-review,unique,keep,,
seoul-beauty-itinerary-skin-clinic-head-spa-hair-salon-in-2-days-2026,Seoul Beauty Itinerary: Skin Clinic + Head Spa + Hair Salon in 2 Days (2026),2026-06-06T14:43:00,seoul-beauty-itinerary-skin-clinic-head-spa-hair-salon-in-2-days,other,unique,keep,,
korean-personal-color-analysis-seoul-guide-2026,Korean Personal Color Analysis in Seoul 2026: What It Is; Where to Go; What to Expect,2026-06-06T11:19:05.733Z,korean-personal-color-analysis-seoul,area-guide,unique,keep,,
how-to-book-seoul-beauty-salons-whatsapp-foreigner-guide-2026,How to Book Seoul Beauty Salons via WhatsApp: The Complete Foreigner's Guide 2026,2026-06-06T11:19:04.500Z,how-to-book,area-guide,unique,keep,,
seoul-skincare-clinic-vs-beauty-spa-foreigner-guide-2026,Seoul Skincare Clinic vs Beauty Spa: Which One Should You Book as a Foreigner?,2026-06-06T11:19:03.446Z,seoul-skincare-clinic,area-guide,unique,keep,,
best-nail-art-salons-seoul-foreigners-gangnam-myeongdong-2026,Best Nail Art Salons in Seoul for Foreigners 2026: Gangnam; Myeongdong & Beyond,2026-06-06T11:19:02.166Z,best-nail-art-salons,best-list,unique,keep,,
seoul-eyebrow-tattoo-microblading-guide-foreigners-2026,Seoul Eyebrow Tattoo & Microblading Guide 2026: What Foreigners Need to Know,2026-06-06T11:19:01.038Z,seoul-eyebrow-tattoo-microblading,area-guide,unique,keep,,
rhinoplasty-korea-price-guide-foreigners-2026,Rhinoplasty in Korea: Complete Price Guide for Foreigners (2026),2026-06-04T09:08:00,rhinoplasty-korea-price,area-guide,desc-dup,redirect-or-delete,seoul-filler-vs-botox-which-one-foreigners-2026,/blog/seoul-filler-vs-botox-which-one-foreigners-2026
gungseochae-gangnam-head-spa-hidden-gem-review-2025,Gungseochae Gangnam Head Spa: The Hidden Gem That Locals Actually Go To,2026-06-01T17:31:05.740Z,gungseochae-gangnam-head-spa-hidden-gem,shop-review,old-2025,consider-delete,,
ppeum-global-myeongdong-skincare-clinic-review-2025,Ppeum Global Myeongdong: The Walk-In Skin Clinic That Actually Delivers (Review 2025),2026-06-01T17:31:05.299Z,ppeum-global-myeongdong-skincare-clinic,shop-review,old-2025,consider-delete,,
da-dermatology-gangnam-lifting-treatment-review-2025,D&A Dermatology Gangnam: I Tried the Signature Lifting Treatment — Here's the Honest Verdict,2026-06-01T17:31:04.846Z,da-dermatology-gangnam-lifting-treatment,shop-review,old-2025,consider-delete,,
mood-collect-personal-color-analysis-gangnam-review-2025,Mood Collect Personal Color Analysis Gangnam: What Actually Happens and What I Learned,2026-06-01T17:31:04.403Z,mood-collect-personal-color-analysis-gangnam,shop-review,old-2025,consider-delete,,
leebeauty-myeongdong-spa-head-spa-facial-review-2025,Lee Beauty Myeongdong Spa Review: Facial + Head Spa in One Visit — Is It Worth It?,2026-06-01T17:31:03.957Z,leebeauty-myeongdong-spa-head-spa-facial,shop-review,old-2025,consider-delete,,
cheongdam-dear-clinic-seoul-botox-review-2025,Cheongdam Dear Clinic Review: Getting Botox in Seoul as a Foreigner (Prices; Process; Honest Results),2026-06-01T17:31:03.516Z,cheongdam-dear-clinic,shop-review,old-2025,consider-delete,,
leekaja-myeongdong-hair-salon-review-2025,LEEKAJA Myeongdong Hair Salon Review: I Got a Cut; Color; and Scalp Treatment — Here's What Was Worth It,2026-06-01T17:31:03.049Z,leekaja-myeongdong-hair-salon,shop-review,old-2025,consider-delete,,
fleur-jardin-myeongdong-facial-review-2025,Fleur Jardin Myeongdong: The Facial That Made Me Rethink Every Spa I've Been To,2026-06-01T17:31:02.602Z,fleur-jardin-myeongdong-facial,shop-review,old-2025,consider-delete,,
moclock-gangnam-head-spa-honest-review-2025,Moclock Gangnam Head Spa: My Honest Review After Two Visits (with Curly Hair),2026-06-01T17:31:02.154Z,moclock-gangnam-head-spa-honest,shop-review,old-2025,consider-delete,,
inko-seoul-gangnam-dermatology-clinic-review-2025,INKO Seoul Gangnam Review: I Finally Tried the AI Skin Analysis Clinic Everyone's Talking About,2026-06-01T17:31:00.957Z,inko,shop-review,same-shop-dup,keep,,
reyou-clinic-gangnam-review-2026-foreigners,ReYou Clinic Seoul Review 2026: A Foreigner's Honest Experience,2026-06-01T14:01:00,reyou-clinic-gangnam,shop-review,unique,keep,,
reone-dermatology-gangnam-review-2026-foreigners,Reone Dermatology Clinic Review 2026: Is It Worth It for Foreigners in Sinsa?,2026-06-01T10:37:00,reone-dermatology-gangnam,shop-review,unique,keep,,
is-head-spa-worth-it-seoul-honest-guide-2026,Is a Korean Head Spa Worth It in Seoul? Honest Guide for Foreigners 2026,2026-06-01T08:55:12.831Z,is-head-spa-worth-it,area-guide,unique,keep,,
is-korean-head-spa-worth-it-seoul-honest-review-2026,Is a Korean Head Spa Worth It in Seoul? Honest Review 2026,2026-06-01T08:54:13.667Z,is-korean-head-spa-worth-it,shop-review,unique,keep,,
test-slug,Test,2026-06-01T08:53:26.131Z,test-slug,other,unique,keep,,
skin-clinic-cost-seoul-2026-price-guide-foreigners,How Much Does a Skin Clinic Cost in Seoul? 2026 Price Guide for Foreigners,2026-06-01T07:47:11.628Z,skin-clinic-cost,area-guide,unique,keep,,
english-speaking-dermatologist-seoul-foreigners-guide-2026,English-Speaking Dermatologist Seoul: Complete Guide for Foreigners 2026,2026-06-01T07:45:32.663Z,english-speaking-dermatologist,area-guide,unique,keep,,
top-skincare-clinics-foreigners-gangnam-seoul-guide-2026,Top Skincare Clinics in Gangnam Seoul for Foreigners 2026: Honest Guide,2026-05-31T16:14:13.802Z,top-skincare-clinics,area-guide,unique,keep,,
seoul-beauty-glow-up-itinerary-3-days-foreigners-2026,Seoul Glow-Up Itinerary: 3 Days of Beauty & Wellness for Foreigners (2026),2026-05-31T16:14:12.951Z,seoul-beauty-glow-up-itinerary-3-days,other,unique,keep,,
english-speaking-dental-clinic-seoul-incheon-guide-2026,English-Speaking Dental Clinics in Seoul & Incheon 2026: Foreigners' Complete Guide,2026-05-31T16:14:12.096Z,english-speaking-dental-clinic,area-guide,unique,keep,,
k-beauty-first-timer-complete-checklist-seoul-guide-2026,K-Beauty First-Timer's Complete Checklist for Seoul 2026,2026-05-31T16:14:11.250Z,k-beauty-first-timer-complete-checklist-seoul,area-guide,unique,keep,,
reyou-clinic-gangnam-skincare-foreigners-review-2026,Re:You Clinic Gangnam Review 2026: Skincare & Aesthetic Treatments for Foreigners,2026-05-31T16:14:10.389Z,reyou-clinic-gangnam-skincare,shop-review,unique,keep,,
best-hair-salon-myeongdong-seoul-foreigners-english-2026,Best Hair Salons in Myeongdong Seoul for Foreigners 2026 (English Guide),2026-05-31T16:14:09.538Z,best-hair-salon-myeongdong,best-list,unique,keep,,
same-day-head-spa-booking-seoul-foreigners-walk-in-guide,Same-Day & Walk-In Head Spa Booking in Seoul: The Foreigner's Guide (2026),2026-05-31T16:14:08.684Z,same-day-head-spa-booking,area-guide,unique,keep,,
best-headspa-gangnam-apgujeong-premium-experience-2026,Best Head Spa in Gangnam & Apgujeong Seoul 2026: Premium Experiences Guide,2026-05-31T16:14:07.825Z,best-headspa-gangnam-apgujeong-premium-experience,best-list,unique,keep,,
korean-scalp-treatment-price-guide-seoul-2026,Korean Scalp Treatment Prices in Seoul 2026: How Much Should You Pay?,2026-05-31T16:14:06.962Z,korean-scalp-treatment-price,area-guide,unique,keep,,
moclock-gangnam-scalp-treatment-honest-review-foreigners,Moclock Gangnam Head Spa Review 2026: Is It Worth It for Foreigners?,2026-05-31T16:14:06.110Z,moclock-gangnam-scalp-treatment-honest-review,shop-review,unique,keep,,
viral-18-step-korean-head-spa-seoul-what-to-expect-2026,Viral 18-Step Korean Head Spa in Seoul: What to Expect (2026 Honest Guide),2026-05-31T16:14:05.202Z,viral-18-step-korean-head-spa,other,unique,keep,,
rejuran-vs-skin-booster-seoul-difference-2026,Rejuran vs Skin Booster in Seoul: What's the Real Difference? (2026),2026-05-31T10:35:00,rejuran,comparison,desc-dup,redirect-or-delete,seoul-filler-vs-botox-which-one-foreigners-2026,/blog/seoul-filler-vs-botox-which-one-foreigners-2026
reev-clinic-gangnam-review-2026-foreigners,Reev Clinic Gangnam Review 2026: Honest Guide for Foreigners in Gangnam,2026-05-29T16:18:00,reev-clinic-gangnam,shop-review,unique,keep,,
popo-hair-salon-seongsu-seoul-review-2026-foreigners,POPO HAIR SALON Seongsu Review 2026: Is It Worth It for Foreigners in Seongsu?,2026-05-26T18:22:00,popo-hair-salon-seongsu-seoul,shop-review,unique,keep,,
ppeum-clinic-myeongdong-review-2026-foreigners,PPEUM Global Clinic Seoul Review 2026: A Foreigner's Honest Experience,2026-05-26T16:13:00,ppeum-clinic-myeongdong,shop-review,unique,keep,,
nohd-dermatology-gangnam-review-2026-foreigners,Nohd Dermatology Review 2026: Is It Worth It for Foreigners in Gangnam?,2026-05-25T21:47:00,nohd-dermatology-gangnam,shop-review,unique,keep,,
mood-collect-gangnam-review-2026-foreigners,Mood Collect Personal Color Review 2026: Is It Worth It for Foreigners in Gangnam?,2026-05-23T18:04:00,mood-collect-gangnam,shop-review,unique,keep,,
moclock-gangnam-review-2026-foreigners,Moclock Head Spa Seoul Review 2026: A Foreigner's Honest Experience,2026-05-21T19:40:00,moclock-gangnam,shop-review,unique,keep,,
me-seoul-clinic-gangnam-review-2026-foreigners,ME SEOUL CLINIC Review 2026: Is It Worth It for Foreigners in Gangnam?,2026-05-21T17:18:00,me,shop-review,unique,keep,,
leekaja-myeongdong-hair-salon-myeongdong-review-2026-foreigners,LEEKAJA Myeongdong Seoul Review 2026: A Foreigner's Honest Experience,2026-05-18T19:14:00,leekaja-myeongdong-hair-salon-myeongdong,shop-review,unique,keep,,
leebeauty-myeongdong-spa-lee-hea-kyung-aesthetics-head-spa-myeongdong-review-2026-foreigners,Leebeauty Myeongdong Spa Review 2026: Is It Worth It for Foreigners in Myeongdong?,2026-05-18T12:50:00,leebeauty-myeongdong-spa-lee-hea-kyung-aesthetics-head-spa-myeongdong,shop-review,unique,keep,,
laurel-clinic-cheongdam-review-2026-foreigners,Laurel Clinic Review 2026: Honest Guide for Foreigners in Cheongdam,2026-05-16T16:36:00,laurel-clinic-cheongdam,shop-review,unique,keep,,
lamiche-dermatology-songpa-review-2026-foreigners,Lamiche Dermatology Review 2026: Honest Guide for Foreigners in Songpa,2026-05-13T15:03:00,lamiche-dermatology-songpa,shop-review,unique,keep,,
jiwoo-clinic-gangnam-review-2026-foreigners,Jiwoo Clinic Seoul Review 2026: A Foreigner's Honest Experience,2026-05-10T13:46:00,jiwoo-clinic-gangnam,shop-review,unique,keep,,
inko-seoul-gangnam-review-2026-foreigners,INKO Seoul Review 2026: Is It Worth It for Foreigners in Gangnam?,2026-05-09T22:09:00,inko,shop-review,same-shop-dup,redirect-301,inko-seoul-gangnam-dermatology-clinic-review-2025,/blog/inko-seoul-gangnam-dermatology-clinic-review-2025
inoute-mens-eyebrow-microblading-jamsil-songpa-review-2026-foreigners,INOUTE Mens Eyebrow Microblading Seoul Review 2026: A Foreigner's Honest Experience,2026-05-09T18:23:00,inoute-mens-eyebrow-microblading-jamsil-songpa,shop-review,unique,keep,,
how-to-get-plastic-surgery-in-korea-as-a-foreigner-complete-guide-2026,How to Get Plastic Surgery in Korea as a Foreigner: Complete Guide 2026,2026-05-07T10:07:00,how-to-get-plastic-surgery-in-korea-as-a-foreigner-complete,area-guide,unique,keep,,
gungseochae-head-spa-gangnam-review-2026-foreigners,Gungseochae Head Spa Seoul Review 2026: A Foreigner's Honest Experience,2026-05-04T19:15:00,gungseochae-head-spa-gangnam,shop-review,unique,keep,,
how-to-find-english-speaking-clinic-seoul-2026,How to Find an English-Speaking Doctor in Seoul: Complete Guide (2026),2026-05-04T18:49:00,how-to-find-english-speaking-clinic,other,desc-dup,redirect-or-delete,seoul-filler-vs-botox-which-one-foreigners-2026,/blog/seoul-filler-vs-botox-which-one-foreigners-2026
gu-clinic-gangnam-review-2026-why-it-has-10000-google-reviews-honest-look,GU Clinic Gangnam Review 2026: Why It Has 10;000+ Google Reviews (Honest Look),2026-05-01T15:53:00,gu-clinic-gangnam,shop-review,unique,keep,,
gu-clinic-seocho-review-2026-foreigners,GU Clinic Review 2026: Is It Worth It for Foreigners in Seocho?,2026-05-01T14:14:00,gu-clinic-seocho,shop-review,unique,keep,,
grida-plastic-surgery-clinic-gangnam-review-2026-foreigners,Grida Plastic Surgery Clinic Review 2026: Honest Guide for Foreigners in Gangnam,2026-04-28T22:27:00,grida-plastic-surgery-clinic-gangnam,shop-review,unique,keep,,
glovi-clinic-gangnam-review-2026-foreigners,Glovi Plastic Surgery Review 2026: Honest Guide for Foreigners in Gangnam,2026-04-26T15:13:00,glovi-clinic-gangnam,shop-review,unique,keep,,
glovi-antiaging-gangnam-review-2026-foreigners,Glovi G-Thera Anti-Aging Clinic Review 2026: Honest Guide for Foreigners in Gangnam,2026-04-26T13:04:00,glovi-antiaging-gangnam,shop-review,unique,keep,,
gd-clinic-seocho-review-2026-foreigners,GD Clinic Review 2026: Honest Guide for Foreigners in Seocho,2026-04-25T16:57:00,gd-clinic-seocho,shop-review,unique,keep,,
gangnam-vs-myeongdong-skin-clinic-where-to-go-2026,Gangnam vs Myeongdong Skin Clinics: Where Should Foreigners Go? (2026),2026-04-25T11:12:00,gangnam,comparison,desc-dup,redirect-or-delete,seoul-filler-vs-botox-which-one-foreigners-2026,/blog/seoul-filler-vs-botox-which-one-foreigners-2026
fleur-jardin-myeongdong-2-review-2026-foreigners,Fleur Jardin Myeongdong Seoul Review 2026: A Foreigner's Honest Experience,2026-04-22T17:29:00,fleur-jardin-myeongdong-2,shop-review,unique,keep,,
forena-clinic-hongdae-branch-mapo-review-2026-foreigners,Forena Clinic Hongdae Review 2026: Honest Guide for Foreigners in Hongdae,2026-04-22T08:39:00,forena-clinic-hongdae-branch-mapo,shop-review,unique,keep,,
double-eyelid-surgery-seoul-foreigners-step-by-step-2026,Double Eyelid Surgery Seoul: Step-by-Step Guide for Foreigners (2026),2026-04-20T11:15:00,double-eyelid-surgery,other,desc-dup,redirect-or-delete,seoul-filler-vs-botox-which-one-foreigners-2026,/blog/seoul-filler-vs-botox-which-one-foreigners-2026
drevers-clinic-gangnam-review-2026-foreigners,DR.EVERS GANGNAM Review 2026: Is It Worth It for Foreigners in Gangnam?,2026-04-20T10:25:00,drevers-clinic-gangnam,shop-review,unique,keep,,
da-derm-gangnam-review-2026-foreigners,D&A Dermatology Clinic Seoul Review 2026: A Foreigner's Honest Experience,2026-04-19T16:12:00,da-derm-gangnam,shop-review,unique,keep,,
como-clinic-itaewon-review-2026-foreigners,COMO CLINIC Review 2026: Is It Worth It for Foreigners in Yongsan?,2026-04-19T13:18:00,como-clinic-itaewon,shop-review,unique,keep,,
diony-hair-salon-gangnam-review-2026-foreigners,DIONY Hair Salon Review 2026: Is It Worth It for Foreigners in Gangnam?,2026-04-19T08:08:00,diony-hair-salon-gangnam,shop-review,unique,keep,,
dear-clinic-cheongdam-review-2026-foreigners,Cheongdam Dear Clinic Review 2026: Is It Worth It for Foreigners in Cheongdam?,2026-04-18T21:34:00,dear-clinic-cheongdam,shop-review,unique,keep,,
cclime-seoul-review-2026-foreigners,CCLIME Seoul Review 2026: A Foreigner's Honest Experience,2026-04-17T20:32:00,cclime-seoul,shop-review,unique,keep,,
botox-price-in-seoul-2026-how-much-does-it-actually-cost,Botox Price in Seoul 2026: How Much Does It Actually Cost?,2026-04-17T09:39:00,botox-price-in,other,unique,keep,,
best-skin-clinics-in-gangnam-for-first-time-foreigners-2026-honest-guide,Best Skin Clinics in Gangnam for First-Time Foreigners 2026: Honest Guide,2026-04-14T10:18:00,best-skin-clinics-in-gangnam-for-first-time,area-guide,unique,keep,,
benjamin-clinic-gangnam-review-2026-foreigners,Benjamin Clinic Gangnam Review 2026: Honest Guide for Foreigners,2026-04-11T20:47:00,benjamin-clinic-gangnam,shop-review,desc-dup,keep,,
barog-clinic-gangnam-review-2026-foreigners,Barog Clinic Gangnam Review 2026: Honest Guide for Foreigners in Gangnam,2026-04-10T17:50:00,barog-clinic-gangnam,shop-review,unique,keep,,
arc-plastic-surgery-clinic-seocho-review-2026-foreigners,Arc Plastic Surgery Clinic Review 2026: Honest Guide for Foreigners in Seocho,2026-04-10T11:44:00,arc-plastic-surgery-clinic-seocho,shop-review,unique,keep,,
abijou-clinic-myeongdong-seoul-review-2026-foreigners,Abijou Clinic Myeongdong Review 2026: Is It Worth It for Foreigners in Myeongdong?,2026-04-07T18:07:00,abijou-clinic-myeongdong-seoul,shop-review,unique,keep,,
ab-plastic-surgery-korea-seocho-review-2026-foreigners,AB Plastic Surgery Korea Review 2026: Is It Worth It for Foreigners in Seocho?,2026-04-04T22:27:00,ab-plastic-surgery-korea-seocho,shop-review,unique,keep,,
21-plastic-surgery-seocho-review-2026-foreigners,21 Plastic Surgery Seoul Review 2026: A Foreigner's Honest Experience,2026-04-04T13:45:00,21-plastic-surgery-seocho,shop-review,unique,keep,,
,,2026-04-01T21:54:00,,other,desc-dup,redirect-or-delete,benjamin-clinic-gangnam-review-2026-foreigners,/blog/benjamin-clinic-gangnam-review-2026-foreigners